<krpano version="1.21" title="artbonbon VR Gallery">

    <include url="../../gallery_components/plugins/add_hotspot/plugins_l/add_hotspot.xml?nocache=%$random%"/>
	<include url="../../gallery_components/plugins/popup.xml?nocache=%$random%"/>
    <include url="../../gallery_components/plugins/common.xml?nocache=%$random%"/>
    <plugin name="soundinterface" url="plugins/soundinterface.js?nocache=%$random%" preload="true"/>

    <action name="startup" autorun="onstart">
        <!-- krpano 가 시작되면 바로 scene을 로드 -->
        if(startscene === null || !scene[get(startscene)], copy(startscene,scene[0].name); );
        loadscene(get(startscene), null, MERGE);
    </action>

    <!-- 회전값 설정 -->
    <autorotate enabled="false" waittime="3" speed="3" horizon="0.0" tofov="360"/>

    <!-- *** add hotspt *** -->
	<editor_hs pin="off" />

    <scene name="artbonbon_vrGallery" title="" onstart="" thumburl="" lat="" lng="" heading="">
        <include url="../../gallery_components/plugins/buttons.xml?nocache=%$random%"/>
        <include url="../../gallery_components/plugins/intro.xml?nocache=%$random%"/>
        <view hlookat="0.0" vlookat="0.0" fovtype="MFOV" fov="110" maxpixelzoom="1.0" fovmin="70" fovmax="140"
              limitview="lookat"/>
        <image>
            <cube url="../../gallery_components/panos/theme_taurus/pano_%s.png"/>
        </image>
        <addhs_settings video_close_click="false" youtube_close_click="false" keyboard_activation_of_the_editor="true"/>
        <!-- 앞면 -->
        <hotspot name="hotspot_1" style="hs_style_1"
                 url="../../gallery_components/common/placeholder.jpg?nocache=%$random%"
                 ath="0" atv="0" rx="0" ry="0" rz="0" ox="-120" oy="-50" img_name="이미지 1" id="1"
                 width="200" height="150"
                 />
		<layer name="my_hotspot_shadow_1" parent="hotspot[hotspot_1]" style="layer_style_shadow" />
        <hotspot name="hotspot_2" style="hs_style_1"
                 url="../../gallery_components/common/placeholder.jpg?nocache=%$random%"
                 ath="0" atv="0" rx="0" ry="0" rz="0" ox="120" oy="-50" img_name="이미지 2" id="2"
                 width="200" height="150"
                 />
		<layer name="my_hotspot_shadow_2" parent="hotspot[hotspot_2]" style="layer_style_shadow" />

        <!-- 뒷면 -->
        <!--
        <hotspot name="hotspot_2" style="hs_style_1"
                 url="../../gallery_components/common/placeholder.jpg?nocache=%$random%"
                 ath="180" atv="0" rx="0" ry="0" rz="0" ox="0" oy="-20" img_name="이미지 2" id="2"
                 width="375" height="255" visible="false    "
                 />
		<layer name="my_hotspot_shadow_2" parent="hotspot[hotspot_2]" style="layer_style_shadow" />
		-->
        <hotspot name="hotspot_19" style="hs_style_1"
                 url="../../gallery_components/common/placeholder.jpg?nocache=%$random%"
                 ath="180" atv="0" rx="0" ry="0" rz="0" ox="-120" oy="-50" img_name="이미지 19" id="19"
                 width="200" height="150"
                 />
		<layer name="my_hotspot_shadow_19" parent="hotspot[hotspot_19]" style="layer_style_shadow" />
        <hotspot name="hotspot_20" style="hs_style_1"
                 url="../../gallery_components/common/placeholder.jpg?nocache=%$random%"
                 ath="180" atv="0" rx="0" ry="0" rz="0" ox="120" oy="-50" img_name="이미지 20" id="20"
                 width="200" height="150"
                 />
		<layer name="my_hotspot_shadow_20" parent="hotspot[hotspot_20]" style="layer_style_shadow" />

        <!-- 우측면 -->
        <hotspot name="hotspot_3" style="hs_style_1"
                 url="../../gallery_components/common/placeholder.jpg?nocache=%$random%"
                 ath="90" atv="0" rx="0" ry="0" rz="0" ox="0" oy="-100" img_name="이미지 3" id="3"
                 width="177" height="132"
                 />
		<layer name="my_hotspot_shadow_3" parent="hotspot[hotspot_3]" style="layer_style_shadow" />
        <hotspot name="hotspot_4" style="hs_style_1"
                 url="../../gallery_components/common/placeholder.jpg?nocache=%$random%"
                 ath="90" atv="0" rx="0" ry="0" rz="0" ox="-210" oy="-100" img_name="이미지 4" id="4"
                 width="177" height="132"
                 />
        <layer name="my_hotspot_shadow_4" parent="hotspot[hotspot_4]" style="layer_style_shadow" />
        <hotspot name="hotspot_5" style="hs_style_1"
                 url="../../gallery_components/common/placeholder.jpg?nocache=%$random%"
                 ath="90" atv="0" rx="0" ry="0" rz="0" ox="210" oy="-100" img_name="이미지 5" id="5"
                 width="177" height="132"
                 />
        <layer name="my_hotspot_shadow_5" parent="hotspot[hotspot_5]" style="layer_style_shadow" />
        <hotspot name="hotspot_6" style="hs_style_1"
                 url="../../gallery_components/common/placeholder.jpg?nocache=%$random%"
                 ath="90" atv="0" rx="0" ry="0" rz="0" ox="0" oy="60" img_name="이미지 6" id="6"
                 width="177" height="132"
                 />
		<layer name="my_hotspot_shadow_6" parent="hotspot[hotspot_6]" style="layer_style_shadow" />
        <hotspot name="hotspot_7" style="hs_style_1"
                 url="../../gallery_components/common/placeholder.jpg?nocache=%$random%"
                 ath="90" atv="0" rx="0" ry="0" rz="0" ox="-210" oy="60" img_name="이미지 7" id="7"
                 width="177" height="132"
                 />
		<layer name="my_hotspot_shadow_7" parent="hotspot[hotspot_7]" style="layer_style_shadow" />
        <hotspot name="hotspot_8" style="hs_style_1"
                 url="../../gallery_components/common/placeholder.jpg?nocache=%$random%"
                 ath="90" atv="0" rx="0" ry="0" rz="0" ox="210" oy="60" img_name="이미지 8" id="8"
                 width="177" height="132"
                 />
		<layer name="my_hotspot_shadow_8" parent="hotspot[hotspot_8]" style="layer_style_shadow" />
        <hotspot name="hotspot_9" style="hs_style_1"
                 url="../../gallery_components/common/placeholder.jpg?nocache=%$random%"
                 ath="90" atv="0" rx="0" ry="0" rz="0" ox="-420" oy="60" img_name="이미지 9" id="9"
                 width="177" height="132"
                 />
		<layer name="my_hotspot_shadow_9" parent="hotspot[hotspot_9]" style="layer_style_shadow" />
        <hotspot name="hotspot_10" style="hs_style_1"
                 url="../../gallery_components/common/placeholder.jpg?nocache=%$random%"
                 ath="90" atv="0" rx="0" ry="0" rz="0" ox="-420" oy="-100" img_name="이미지 10" id="10"
                 width="177" height="132"
                 />
		<layer name="my_hotspot_shadow_10" parent="hotspot[hotspot_10]" style="layer_style_shadow" />

        <!-- 좌측면 -->
        <hotspot name="hotspot_11" style="hs_style_1"
                 url="../../gallery_components/common/placeholder.jpg?nocache=%$random%"
                 ath="-90" atv="0" rx="0" ry="0" rz="0" ox="-100" oy="-100" img_name="이미지 11" id="11"
                 width="177" height="132"
                 />
		<layer name="my_hotspot_shadow_11" parent="hotspot[hotspot_11]" style="layer_style_shadow" />
        <hotspot name="hotspot_12" style="hs_style_1"
                 url="../../gallery_components/common/placeholder.jpg?nocache=%$random%"
                 ath="-90" atv="0" rx="0" ry="0" rz="0" ox="110" oy="-100" img_name="이미지 12" id="12"
                 width="177" height="132"
                 />
        <layer name="my_hotspot_shadow_12" parent="hotspot[hotspot_12]" style="layer_style_shadow" />
        <hotspot name="hotspot_13" style="hs_style_1"
                 url="../../gallery_components/common/placeholder.jpg?nocache=%$random%"
                 ath="-90" atv="0" rx="0" ry="0" rz="0" ox="-100" oy="60" img_name="이미지 13" id="13"
                 width="177" height="132"
                 />
		<layer name="my_hotspot_shadow_13" parent="hotspot[hotspot_13]" style="layer_style_shadow" />
        <hotspot name="hotspot_14" style="hs_style_1"
                 url="../../gallery_components/common/placeholder.jpg?nocache=%$random%"
                 ath="-90" atv="0" rx="0" ry="0" rz="0" ox="-310" oy="60" img_name="이미지 14" id="14"
                 width="177" height="132"
                 />
		<layer name="my_hotspot_shadow_14" parent="hotspot[hotspot_14]" style="layer_style_shadow" />
        <hotspot name="hotspot_15" style="hs_style_1"
                 url="../../gallery_components/common/placeholder.jpg?nocache=%$random%"
                 ath="-90" atv="0" rx="0" ry="0" rz="0" ox="110" oy="60" img_name="이미지 15" id="15"
                 width="177" height="132"
                 />
		<layer name="my_hotspot_shadow_15" parent="hotspot[hotspot_15]" style="layer_style_shadow" />
        <hotspot name="hotspot_16" style="hs_style_1"
                 url="../../gallery_components/common/placeholder.jpg?nocache=%$random%"
                 ath="-90" atv="0" rx="0" ry="0" rz="0" ox="320" oy="60" img_name="이미지 16" id="16"
                 width="177" height="132"
                 />
		<layer name="my_hotspot_shadow_16" parent="hotspot[hotspot_16]" style="layer_style_shadow" />
        <hotspot name="hotspot_17" style="hs_style_1"
                 url="../../gallery_components/common/placeholder.jpg?nocache=%$random%"
                 ath="-90" atv="0" rx="0" ry="0" rz="0" ox="-310" oy="-100" img_name="이미지 17" id="17"
                 width="177" height="132"
                 />
		<layer name="my_hotspot_shadow_17" parent="hotspot[hotspot_17]" style="layer_style_shadow" />
        <hotspot name="hotspot_18" style="hs_style_1"
                 url="../../gallery_components/common/placeholder.jpg?nocache=%$random%"
                 ath="-90" atv="0" rx="0" ry="0" rz="0" ox="320" oy="-100" img_name="이미지 18" id="18"
                 width="177" height="132"
                 />
		<layer name="my_hotspot_shadow_18" parent="hotspot[hotspot_18]" style="layer_style_shadow" />

        <!-- medal layer -->
        <layer name="medal_gold" parent="hotspot[hotspot_1]" visible="false"
               style="layer_style_medal"
               url="../../gallery_components/common/medal_gold.png?nocache=%$random%" />
        <layer name="medal_silver" parent="hotspot[hotspot_2]" visible="false"
               style="layer_style_medal"
               url="../../gallery_components/common/medal_silver.png?nocache=%$random%" />
        <layer name="medal_bronze" parent="hotspot[hotspot_3]" visible="false"
               style="layer_style_medal"
               url="../../gallery_components/common/medal_bronze.png?nocache=%$random%" />
    </scene>
</krpano>
